{"error": false, "size": [1920, 1080], "name": "ShootingGame", "version": "1.0", "location": {"label": {"start": ["game/script.rpy", 3]}, "define": {"gui.system_font": ["game/tl/None/common.rpym", 1380], "config.check_conflicting_properties": ["game/gui.rpy", 15], "gui.accent_color": ["game/gui.rpy", 28], "gui.idle_color": ["game/gui.rpy", 32], "gui.idle_small_color": ["game/gui.rpy", 36], "gui.hover_color": ["game/gui.rpy", 39], "gui.selected_color": ["game/gui.rpy", 44], "gui.insensitive_color": ["game/gui.rpy", 47], "gui.muted_color": ["game/gui.rpy", 51], "gui.hover_muted_color": ["game/gui.rpy", 52], "gui.text_color": ["game/gui.rpy", 55], "gui.interface_text_color": ["game/gui.rpy", 56], "gui.text_font": ["game/gui.rpy", 62], "gui.name_text_font": ["game/gui.rpy", 65], "gui.interface_text_font": ["game/gui.rpy", 68], "gui.text_size": ["game/gui.rpy", 71], "gui.name_text_size": ["game/gui.rpy", 74], "gui.interface_text_size": ["game/gui.rpy", 77], "gui.label_text_size": ["game/gui.rpy", 80], "gui.notify_text_size": ["game/gui.rpy", 83], "gui.title_text_size": ["game/gui.rpy", 86], "gui.main_menu_background": ["game/gui.rpy", 92], "gui.game_menu_background": ["game/gui.rpy", 93], "gui.textbox_height": ["game/gui.rpy", 101], "gui.textbox_yalign": ["game/gui.rpy", 105], "gui.name_xpos": ["game/gui.rpy", 110], "gui.name_ypos": ["game/gui.rpy", 111], "gui.name_xalign": ["game/gui.rpy", 115], "gui.namebox_width": ["game/gui.rpy", 119], "gui.namebox_height": ["game/gui.rpy", 120], "gui.namebox_borders": ["game/gui.rpy", 124], "gui.namebox_tile": ["game/gui.rpy", 128], "gui.dialogue_xpos": ["game/gui.rpy", 133], "gui.dialogue_ypos": ["game/gui.rpy", 134], "gui.dialogue_width": ["game/gui.rpy", 137], "gui.dialogue_text_xalign": ["game/gui.rpy", 141], "gui.button_width": ["game/gui.rpy", 151], "gui.button_height": ["game/gui.rpy", 152], "gui.button_borders": ["game/gui.rpy", 155], "gui.button_tile": ["game/gui.rpy", 159], "gui.button_text_font": ["game/gui.rpy", 162], "gui.button_text_size": ["game/gui.rpy", 165], "gui.button_text_idle_color": ["game/gui.rpy", 168], "gui.button_text_hover_color": ["game/gui.rpy", 169], "gui.button_text_selected_color": ["game/gui.rpy", 170], "gui.button_text_insensitive_color": ["game/gui.rpy", 171], "gui.button_text_xalign": ["game/gui.rpy", 174], "gui.radio_button_borders": ["game/gui.rpy", 182], "gui.check_button_borders": ["game/gui.rpy", 184], "gui.confirm_button_text_xalign": ["game/gui.rpy", 186], "gui.page_button_borders": ["game/gui.rpy", 188], "gui.quick_button_borders": ["game/gui.rpy", 190], "gui.quick_button_text_size": ["game/gui.rpy", 191], "gui.quick_button_text_idle_color": ["game/gui.rpy", 192], "gui.quick_button_text_selected_color": ["game/gui.rpy", 193], "gui.choice_button_width": ["game/gui.rpy", 206], "gui.choice_button_height": ["game/gui.rpy", 207], "gui.choice_button_tile": ["game/gui.rpy", 208], "gui.choice_button_borders": ["game/gui.rpy", 209], "gui.choice_button_text_font": ["game/gui.rpy", 210], "gui.choice_button_text_size": ["game/gui.rpy", 211], "gui.choice_button_text_xalign": ["game/gui.rpy", 212], "gui.choice_button_text_idle_color": ["game/gui.rpy", 213], "gui.choice_button_text_hover_color": ["game/gui.rpy", 214], "gui.choice_button_text_insensitive_color": ["game/gui.rpy", 215], "gui.slot_button_width": ["game/gui.rpy", 225], "gui.slot_button_height": ["game/gui.rpy", 226], "gui.slot_button_borders": ["game/gui.rpy", 227], "gui.slot_button_text_size": ["game/gui.rpy", 228], "gui.slot_button_text_xalign": ["game/gui.rpy", 229], "gui.slot_button_text_idle_color": ["game/gui.rpy", 230], "gui.slot_button_text_selected_idle_color": ["game/gui.rpy", 231], "gui.slot_button_text_selected_hover_color": ["game/gui.rpy", 232], "config.thumbnail_width": ["game/gui.rpy", 235], "config.thumbnail_height": ["game/gui.rpy", 236], "gui.file_slot_cols": ["game/gui.rpy", 239], "gui.file_slot_rows": ["game/gui.rpy", 240], "gui.navigation_xpos": ["game/gui.rpy", 248], "gui.skip_ypos": ["game/gui.rpy", 251], "gui.notify_ypos": ["game/gui.rpy", 254], "gui.choice_spacing": ["game/gui.rpy", 257], "gui.navigation_spacing": ["game/gui.rpy", 260], "gui.pref_spacing": ["game/gui.rpy", 263], "gui.pref_button_spacing": ["game/gui.rpy", 266], "gui.page_spacing": ["game/gui.rpy", 269], "gui.slot_spacing": ["game/gui.rpy", 272], "gui.main_menu_text_xalign": ["game/gui.rpy", 275], "gui.frame_borders": ["game/gui.rpy", 284], "gui.confirm_frame_borders": ["game/gui.rpy", 287], "gui.skip_frame_borders": ["game/gui.rpy", 290], "gui.notify_frame_borders": ["game/gui.rpy", 293], "gui.frame_tile": ["game/gui.rpy", 296], "gui.bar_size": ["game/gui.rpy", 308], "gui.scrollbar_size": ["game/gui.rpy", 309], "gui.slider_size": ["game/gui.rpy", 310], "gui.bar_tile": ["game/gui.rpy", 314], "gui.scrollbar_tile": ["game/gui.rpy", 315], "gui.slider_tile": ["game/gui.rpy", 316], "gui.bar_borders": ["game/gui.rpy", 319], "gui.scrollbar_borders": ["game/gui.rpy", 320], "gui.slider_borders": ["game/gui.rpy", 321], "gui.vbar_borders": ["game/gui.rpy", 324], "gui.vscrollbar_borders": ["game/gui.rpy", 325], "gui.vslider_borders": ["game/gui.rpy", 326], "gui.unscrollable": ["game/gui.rpy", 330], "config.history_length": ["game/gui.rpy", 338], "gui.history_height": ["game/gui.rpy", 342], "gui.history_name_xpos": ["game/gui.rpy", 345], "gui.history_name_ypos": ["game/gui.rpy", 346], "gui.history_name_width": ["game/gui.rpy", 347], "gui.history_name_xalign": ["game/gui.rpy", 348], "gui.history_text_xpos": ["game/gui.rpy", 351], "gui.history_text_ypos": ["game/gui.rpy", 352], "gui.history_text_width": ["game/gui.rpy", 353], "gui.history_text_xalign": ["game/gui.rpy", 354], "gui.nvl_borders": ["game/gui.rpy", 362], "gui.nvl_list_length": ["game/gui.rpy", 366], "gui.nvl_height": ["game/gui.rpy", 370], "gui.nvl_spacing": ["game/gui.rpy", 374], "gui.nvl_name_xpos": ["game/gui.rpy", 377], "gui.nvl_name_ypos": ["game/gui.rpy", 378], "gui.nvl_name_width": ["game/gui.rpy", 379], "gui.nvl_name_xalign": ["game/gui.rpy", 380], "gui.nvl_text_xpos": ["game/gui.rpy", 383], "gui.nvl_text_ypos": ["game/gui.rpy", 384], "gui.nvl_text_width": ["game/gui.rpy", 385], "gui.nvl_text_xalign": ["game/gui.rpy", 386], "gui.nvl_thought_xpos": ["game/gui.rpy", 390], "gui.nvl_thought_ypos": ["game/gui.rpy", 391], "gui.nvl_thought_width": ["game/gui.rpy", 392], "gui.nvl_thought_xalign": ["game/gui.rpy", 393], "gui.nvl_button_xpos": ["game/gui.rpy", 396], "gui.nvl_button_xalign": ["game/gui.rpy", 397], "gui.language": ["game/gui.rpy", 406], "quick_menu": ["game/screens.rpy", 264], "gui.history_allow_tags": ["game/screens.rpy", 915], "config.nvl_list_length": ["game/screens.rpy", 1338], "bubble.frame": ["game/screens.rpy", 1447], "bubble.thoughtframe": ["game/screens.rpy", 1448], "bubble.properties": ["game/screens.rpy", 1450], "bubble.expand_area": ["game/screens.rpy", 1476], "config.name": ["game/options.rpy", 14], "gui.show_name": ["game/options.rpy", 20], "config.version": ["game/options.rpy", 25], "gui.about": ["game/options.rpy", 31], "build.name": ["game/options.rpy", 38], "config.has_sound": ["game/options.rpy", 46], "config.has_music": ["game/options.rpy", 47], "config.has_voice": ["game/options.rpy", 48], "config.enter_transition": ["game/options.rpy", 73], "config.exit_transition": ["game/options.rpy", 74], "config.intra_transition": ["game/options.rpy", 79], "config.after_load_transition": ["game/options.rpy", 84], "config.end_game_transition": ["game/options.rpy", 89], "config.window": ["game/options.rpy", 105], "config.window_show_transition": ["game/options.rpy", 110], "config.window_hide_transition": ["game/options.rpy", 111], "config.save_directory": ["game/options.rpy", 142], "config.window_icon": ["game/options.rpy", 149]}, "screen": {"say": ["game/screens.rpy", 96], "input": ["game/screens.rpy", 173], "choice": ["game/screens.rpy", 206], "quick_menu": ["game/screens.rpy", 1496], "navigation": ["game/screens.rpy", 285], "main_menu": ["game/screens.rpy", 348], "game_menu": ["game/screens.rpy", 412], "about": ["game/screens.rpy", 537], "save": ["game/screens.rpy", 576], "load": ["game/screens.rpy", 583], "file_slots": ["game/screens.rpy", 590], "preferences": ["game/screens.rpy", 716], "history": ["game/screens.rpy", 874], "help": ["game/screens.rpy", 962], "keyboard_help": ["game/screens.rpy", 991], "mouse_help": ["game/screens.rpy", 1042], "gamepad_help": ["game/screens.rpy", 1065], "confirm": ["game/screens.rpy", 1130], "skip_indicator": ["game/screens.rpy", 1192], "notify": ["game/screens.rpy", 1247], "nvl": ["game/screens.rpy", 1286], "nvl_dialogue": ["game/screens.rpy", 1318], "bubble": ["game/screens.rpy", 1405], "board": ["game/hunt/hunt.rpy", 76], "gun": ["game/hunt/hunt.rpy", 121]}, "transform": {"delayed_blink": ["game/screens.rpy", 1210], "notify_appear": ["game/screens.rpy", 1258], "moving_aim": ["game/hunt/hunt.rpy", 49], "moving_target": ["game/hunt/hunt.rpy", 55], "moving_weapon": ["game/hunt/hunt.rpy", 63], "alpha_dissolve": ["game/hunt/hunt.rpy", 69]}, "callable": {"touch": ["game/gui.rpy", 418], "small": ["game/gui.rpy", 425], "GameConfig.__init__": ["game/hunt/hunt.rpy", 12], "moveAim": ["game/hunt/hunt.rpy", 135], "moveWeapon": ["game/hunt/hunt.rpy", 141], "distance_zoom": ["game/hunt/hunt.rpy", 149], "trackCursor": ["game/hunt/hunt.rpy", 153], "alpha_zoom": ["game/hunt/hunt.rpy", 157], "HuntingGame.__init__": ["game/hunt/hunt.rpy", 162], "HuntingGame.run": ["game/hunt/hunt.rpy", 175], "HuntingGame.round_init": ["game/hunt/hunt.rpy", 186], "HuntingGame.round_end": ["game/hunt/hunt.rpy", 197], "HuntingGame.handle_events": ["game/hunt/hunt.rpy", 208]}}, "build": {"directory_name": "ShootingGame-1.0", "executable_name": "ShootingGame", "include_update": false, "packages": [{"name": "pc", "formats": ["zip"], "file_lists": ["windows", "linux", "renpy", "all"], "description": "PC: Windows and Linux", "update": true, "dlc": false, "hidden": false}, {"name": "linux", "formats": ["tar.bz2"], "file_lists": ["linux", "linux_arm", "renpy", "all"], "description": "Linux", "update": true, "dlc": false, "hidden": false}, {"name": "mac", "formats": ["app-zip", "app-dmg"], "file_lists": ["mac", "renpy", "all"], "description": "Macintosh", "update": true, "dlc": false, "hidden": false}, {"name": "win", "formats": ["zip"], "file_lists": ["windows", "renpy", "all"], "description": "Windows", "update": true, "dlc": false, "hidden": false}, {"name": "market", "formats": ["bare-zip"], "file_lists": ["windows", "linux", "mac", "renpy", "all"], "description": "Windows, Mac, Linux for Markets", "update": true, "dlc": false, "hidden": false}, {"name": "steam", "formats": ["zip"], "file_lists": ["windows", "linux", "mac", "renpy", "all"], "description": "steam", "update": true, "dlc": false, "hidden": true}, {"name": "android", "formats": ["directory"], "file_lists": ["android", "all"], "description": "android", "update": false, "dlc": true, "hidden": true}, {"name": "ios", "formats": ["directory"], "file_lists": ["ios", "all"], "description": "ios", "update": false, "dlc": true, "hidden": true}, {"name": "web", "formats": ["zip"], "file_lists": ["web", "renpy", "all"], "description": "web", "update": false, "dlc": true, "hidden": true}], "archives": [["archive", ["all"]]], "documentation_patterns": ["*.html", "*.txt"], "base_patterns": [["*.py", null], ["*.sh", null], ["*.app/", null], ["*.dll", null], ["*.manifest", null], ["*.keystore", null], ["lib/", null], ["renpy/", null], ["update/", null], ["common/", null], ["update/", null], ["old-game/", null], ["icon.ico", null], ["icon.icns", null], ["project.json", null], ["log.txt", null], ["errors.txt", null], ["traceback.txt", null], ["image_cache.txt", null], ["text_overflow.txt", null], ["dialogue.txt", null], ["dialogue.tab", null], ["profile_screen.txt", null], ["files.txt", null], ["memory.txt", null], ["tmp/", null], ["game/saves/", null], ["game/bytecode.rpyb", null], ["archived/", null], ["launcherinfo.py", null], ["android.txt", null], ["game/presplash*.*", ["all"]], ["android.json", ["android"]], [".android.json", ["android"]], ["android-*.png", ["android"]], ["android-*.jpg", ["android"]], ["ouya_icon.png", null], ["ios-presplash.*", ["ios"]], ["ios-launchimage.png", null], ["ios-icon.png", null], ["web-presplash.png", ["web"]], ["web-presplash.jpg", ["web"]], ["web-presplash.webp", ["web"]], ["progressive_download.txt", ["web"]], ["steam_appid.txt", null], ["game/cache/bytecode-39.rpyb", ["all"]], ["game/cache/bytecode-311.rpyb", ["web"]], ["game/cache/bytecode-*.rpyb", null], ["**~", null], ["**.bak", null], ["**/.**", null], ["**/#**", null], ["**/thumbs.db", null], [".*", null], ["**", ["all"]]], "renpy_patterns": [["renpy/common/_compat/**", null], ["renpy/common/_roundrect/**", null], ["renpy/common/_outline/**", null], ["renpy/common/_theme**", null], ["lib/**/_ssl.*", null], ["renpy/**__pycache__/**.cpython-39.pyc", ["all"]], ["renpy/**__pycache__", ["all"]], ["**~", null], ["**/#*", null], ["**/.*", null], ["**.old", null], ["**.new", null], ["**.rpa", null], ["**/steam_appid.txt", null], ["renpy.py", ["all"]], ["renpy/", ["all"]], ["renpy/**.py", ["renpy"]], ["renpy/**.pxd", null], ["renpy/**.pxi", null], ["renpy/**.pyx", null], ["renpy/**.pyc", null], ["renpy/**.pyo", null], ["renpy/common/", ["all"]], ["renpy/common/_compat/**", ["renpy"]], ["renpy/common/**.rpy", ["renpy"]], ["renpy/common/**.rpym", ["renpy"]], ["renpy/common/_compat/**", ["renpy"]], ["renpy/common/**", ["all"]], ["renpy/**", ["all"]], ["lib/*/renpy", null], ["lib/*/renpy.exe", null], ["lib/*/pythonw.exe", null], ["lib/py2-*/", null], ["lib/py*-windows-i686/**", ["windows_i686"]], ["lib/py*-windows-x86_64/**", ["windows"]], ["lib/py*-linux-i686/**", ["linux_i686"]], ["lib/py*-linux-aarch64/**", ["linux_arm"]], ["lib/py*-linux-armv7l/**", ["linux_arm"]], ["lib/py*-linux-*/**", ["linux"]], ["lib/py*-mac-*/**", ["mac"]], ["lib/python2.*/**", null], ["lib/**", ["windows", "linux", "mac", "android", "ios"]], ["renpy.sh", ["linux", "mac"]]], "xbit_patterns": ["**.sh", "lib/py*-linux-*/*", "lib/py*-mac-*/*", "**.app/Contents/MacOS/*"], "version": "1.0", "display_name": "ShootingGame", "exclude_empty_directories": true, "allow_integrated_gpu": true, "renpy": false, "script_version": true, "destination": "ShootingGame-1.0-dists", "itch_channels": [["*-all.zip", "win-osx-linux"], ["*-market.zip", "win-osx-linux"], ["*-pc.zip", "win-linux"], ["*-win.zip", "win"], ["*-mac.zip", "osx"], ["*-linux.tar.bz2", "linux"], ["*-release.apk", "android"]], "mac_info_plist": {}, "merge": [["linux_i686", "linux"], ["windows_i686", "windows"]], "include_i686": true, "change_icon_i686": true, "android_permissions": [], "_sdk_fonts": false}}